Código proyecto (PROJECT_id),Nombre proyecto (PROJECT_id),Fecha Inicio actual,Fecha término actual,Motivo
PROJECT_0018,PROJECT_0019,12/1/2017,,Sin coincidencia en staffing_excel.xlsx
PROJECT_0034,PROJECT_0035,6/10/2019,8/2/2019,Sin coincidencia en staffing_excel.xlsx
PROJECT_0082,,,,Sin coincidencia en staffing_excel.xlsx
PROJECT_0083,PROJECT_0084,10/18/2022,1/4/2022,Sin coincidencia en staffing_excel.xlsx
PROJECT_0218,PROJECT_0219,,,Sin coincidencia en staffing_excel.xlsx
PROJECT_0222,PROJECT_0223,,,Sin coincidencia en staffing_excel.xlsx
PROJECT_0226,PROJECT_0227,,,Sin coincidencia en staffing_excel.xlsx
PROJECT_0229,PROJECT_0230,,,Sin coincidencia en staffing_excel.xlsx
PROJECT_0232,PROJECT_0233,,,Sin coincidencia en staffing_excel.xlsx
PROJECT_0235,PROJECT_0236,,,Sin coincidencia en staffing_excel.xlsx
PROJECT_0238,PROJECT_0239,,,Sin coincidencia en staffing_excel.xlsx
PROJECT_0241,PROJECT_0219,,,Sin coincidencia en staffing_excel.xlsx
PROJECT_0244,PROJECT_0245,,,Sin coincidencia en staffing_excel.xlsx
PROJECT_0247,PROJECT_0248,,,Sin coincidencia en staffing_excel.xlsx
PROJECT_0250,PROJECT_0251,,,Sin coincidencia en staffing_excel.xlsx
PROJECT_0253,PROJECT_0254,,,Sin coincidencia en staffing_excel.xlsx
PROJECT_0256,PROJECT_0257,,,Sin coincidencia en staffing_excel.xlsx
PROJECT_0259,PROJECT_0260,,,Sin coincidencia en staffing_excel.xlsx
PROJECT_0262,PROJECT_0263,,,Sin coincidencia en staffing_excel.xlsx
PROJECT_0265,PROJECT_0266,,,Sin coincidencia en staffing_excel.xlsx
PROJECT_0268,PROJECT_0269,,,Sin coincidencia en staffing_excel.xlsx
PROJECT_0271,PROJECT_0272,,,Sin coincidencia en staffing_excel.xlsx
PROJECT_0275,PROJECT_0276,,,Sin coincidencia en staffing_excel.xlsx
PROJECT_0278,PROJECT_0279,,,Sin coincidencia en staffing_excel.xlsx
PROJECT_0281,PROJECT_0282,,,Sin coincidencia en staffing_excel.xlsx
PROJECT_0284,PROJECT_0285,,,Sin coincidencia en staffing_excel.xlsx
PROJECT_0287,PROJECT_0288,,,Sin coincidencia en staffing_excel.xlsx
PROJECT_0291,PROJECT_0292,,,Sin coincidencia en staffing_excel.xlsx
PROJECT_0294,PROJECT_0295,,,Sin coincidencia en staffing_excel.xlsx
PROJECT_0297,PROJECT_0298,,,Sin coincidencia en staffing_excel.xlsx
PROJECT_0300,PROJECT_0301,,,Sin coincidencia en staffing_excel.xlsx
PROJECT_0303,PROJECT_0304,,,Sin coincidencia en staffing_excel.xlsx
PROJECT_0306,PROJECT_0307,,,Sin coincidencia en staffing_excel.xlsx
PROJECT_0083,PROJECT_0084,10/18/2022,1/4/2022,Sin coincidencia en staffing_excel.xlsx
PROJECT_0310,PROJECT_0311,,,Sin coincidencia en staffing_excel.xlsx
PROJECT_0313,PROJECT_0314,,,Sin coincidencia en staffing_excel.xlsx
PROJECT_0316,PROJECT_0317,,,Sin coincidencia en staffing_excel.xlsx
PROJECT_0319,PROJECT_0320,,,Sin coincidencia en staffing_excel.xlsx
PROJECT_0322,PROJECT_0323,,,Sin coincidencia en staffing_excel.xlsx
PROJECT_0325,PROJECT_0326,,,Sin coincidencia en staffing_excel.xlsx
PROJECT_0328,PROJECT_0329,,,Sin coincidencia en staffing_excel.xlsx
PROJECT_0331,PROJECT_0332,,,Sin coincidencia en staffing_excel.xlsx
PROJECT_0334,PROJECT_0230,,,Sin coincidencia en staffing_excel.xlsx
PROJECT_0337,PROJECT_0338,,,Sin coincidencia en staffing_excel.xlsx
PROJECT_0341,PROJECT_0342,,,Sin coincidencia en staffing_excel.xlsx
PROJECT_0344,PROJECT_0345,,,Sin coincidencia en staffing_excel.xlsx
PROJECT_0350,PROJECT_0351,,,Sin coincidencia en staffing_excel.xlsx
PROJECT_0354,PROJECT_0355,,,Sin coincidencia en staffing_excel.xlsx
PROJECT_0358,PROJECT_0359,,,Sin coincidencia en staffing_excel.xlsx
PROJECT_0361,PROJECT_0362,,,Sin coincidencia en staffing_excel.xlsx
PROJECT_0364,PROJECT_0362,,,Sin coincidencia en staffing_excel.xlsx
PROJECT_0366,PROJECT_0367,,,Sin coincidencia en staffing_excel.xlsx
PROJECT_0372,PROJECT_0373,,,Sin coincidencia en staffing_excel.xlsx
PROJECT_0376,PROJECT_0377,,,Sin coincidencia en staffing_excel.xlsx
PROJECT_0380,PROJECT_0230,,,Sin coincidencia en staffing_excel.xlsx
PROJECT_0383,PROJECT_0384,,,Sin coincidencia en staffing_excel.xlsx
PROJECT_0386,PROJECT_0387,,,Sin coincidencia en staffing_excel.xlsx
PROJECT_0389,PROJECT_0095,,,Sin coincidencia en staffing_excel.xlsx
PROJECT_0391,PROJECT_0392,,,Sin coincidencia en staffing_excel.xlsx
PROJECT_0394,PROJECT_0395,,,Sin coincidencia en staffing_excel.xlsx
PROJECT_0398,PROJECT_0399,,,Sin coincidencia en staffing_excel.xlsx
PROJECT_0401,PROJECT_0402,,,Sin coincidencia en staffing_excel.xlsx
PROJECT_0404,PROJECT_0405,,,Sin coincidencia en staffing_excel.xlsx
PROJECT_0408,PROJECT_0409,,,Sin coincidencia en staffing_excel.xlsx
PROJECT_0412,PROJECT_0413,,,Sin coincidencia en staffing_excel.xlsx
PROJECT_0416,PROJECT_0417,,,Sin coincidencia en staffing_excel.xlsx
PROJECT_0419,PROJECT_0292,,,Sin coincidencia en staffing_excel.xlsx
PROJECT_0422,PROJECT_0423,,,Sin coincidencia en staffing_excel.xlsx
PROJECT_0425,PROJECT_0426,,,Sin coincidencia en staffing_excel.xlsx
PROJECT_0428,PROJECT_0429,,,Sin coincidencia en staffing_excel.xlsx
PROJECT_0431,PROJECT_0432,,,Sin coincidencia en staffing_excel.xlsx
PROJECT_0434,PROJECT_0435,,,Sin coincidencia en staffing_excel.xlsx
PROJECT_0437,PROJECT_0438,,,Sin coincidencia en staffing_excel.xlsx
PROJECT_0441,PROJECT_0442,,,Sin coincidencia en staffing_excel.xlsx
PROJECT_0444,PROJECT_0445,,,Sin coincidencia en staffing_excel.xlsx
PROJECT_0448,PROJECT_0449,,,Sin coincidencia en staffing_excel.xlsx
PROJECT_0452,PROJECT_0453,,,Sin coincidencia en staffing_excel.xlsx
PROJECT_0456,PROJECT_0095,,,Sin coincidencia en staffing_excel.xlsx
PROJECT_0459,PROJECT_0230,,,Sin coincidencia en staffing_excel.xlsx
PROJECT_0461,PROJECT_0462,,,Sin coincidencia en staffing_excel.xlsx
PROJECT_0464,PROJECT_0465,,,Sin coincidencia en staffing_excel.xlsx
PROJECT_0468,PROJECT_0230,,,Sin coincidencia en staffing_excel.xlsx
PROJECT_0471,PROJECT_0472,,,Sin coincidencia en staffing_excel.xlsx
PROJECT_0474,PROJECT_0230,,,Sin coincidencia en staffing_excel.xlsx
PROJECT_0477,PROJECT_0230,,,Sin coincidencia en staffing_excel.xlsx
PROJECT_0480,PROJECT_0230,,,Sin coincidencia en staffing_excel.xlsx
PROJECT_0483,PROJECT_0484,,,Sin coincidencia en staffing_excel.xlsx
PROJECT_0486,PROJECT_0487,,,Sin coincidencia en staffing_excel.xlsx
PROJECT_0489,PROJECT_0490,,,Sin coincidencia en staffing_excel.xlsx
PROJECT_0493,PROJECT_0494,,,Sin coincidencia en staffing_excel.xlsx
PROJECT_0496,PROJECT_0497,,,Sin coincidencia en staffing_excel.xlsx
PROJECT_0499,PROJECT_0500,,,Sin coincidencia en staffing_excel.xlsx
PROJECT_0503,PROJECT_0504,,,Sin coincidencia en staffing_excel.xlsx
PROJECT_0506,PROJECT_0095,,,Sin coincidencia en staffing_excel.xlsx
PROJECT_0508,PROJECT_0509,,,Sin coincidencia en staffing_excel.xlsx
PROJECT_0512,PROJECT_0513,,,Sin coincidencia en staffing_excel.xlsx
PROJECT_0515,PROJECT_0516,,,Sin coincidencia en staffing_excel.xlsx
PROJECT_0519,PROJECT_0520,,,Sin coincidencia en staffing_excel.xlsx
PROJECT_0522,PROJECT_0523,,,Sin coincidencia en staffing_excel.xlsx
PROJECT_0696,,,,Sin coincidencia en staffing_excel.xlsx
PROJECT_0709,PROJECT_0710,,,Sin coincidencia en staffing_excel.xlsx
PROJECT_0712,,,,Sin coincidencia en staffing_excel.xlsx
PROJECT_0719,,,,Sin coincidencia en staffing_excel.xlsx
PROJECT_0724,,,,Sin coincidencia en staffing_excel.xlsx
PROJECT_0725,,,,Sin coincidencia en staffing_excel.xlsx
PROJECT_0732,,,,Sin coincidencia en staffing_excel.xlsx
PROJECT_0733,,,,Sin coincidencia en staffing_excel.xlsx
PROJECT_0747,PROJECT_0704,6/25/2026,,Sin coincidencia en staffing_excel.xlsx
PROJECT_0749,,,,Sin coincidencia en staffing_excel.xlsx
PROJECT_0754,,,,Sin coincidencia en staffing_excel.xlsx
PROJECT_0491,,,,Sin coincidencia en staffing_excel.xlsx
PROJECT_0289,,,,Sin coincidencia en staffing_excel.xlsx
PROJECT_0339,,,,Sin coincidencia en staffing_excel.xlsx
PROJECT_0755,,,,Sin coincidencia en staffing_excel.xlsx
PROJECT_0756,,,,Sin coincidencia en staffing_excel.xlsx
PROJECT_0755,,,,Sin coincidencia en staffing_excel.xlsx
PROJECT_0757,,,,Sin coincidencia en staffing_excel.xlsx
PROJECT_0758,,,,Sin coincidencia en staffing_excel.xlsx
PROJECT_0759,,,,Sin coincidencia en staffing_excel.xlsx
PROJECT_0759,,,,Sin coincidencia en staffing_excel.xlsx
PROJECT_0759,,,,Sin coincidencia en staffing_excel.xlsx
PROJECT_0760,,,,Sin coincidencia en staffing_excel.xlsx
PROJECT_0761,,,,Sin coincidencia en staffing_excel.xlsx
PROJECT_0762,,,,Sin coincidencia en staffing_excel.xlsx
PROJECT_0763,,,,Sin coincidencia en staffing_excel.xlsx
PROJECT_0764,,,,Sin coincidencia en staffing_excel.xlsx
PROJECT_0768,,,,Sin coincidencia en staffing_excel.xlsx
PROJECT_0769,,,,Sin coincidencia en staffing_excel.xlsx
PROJECT_0770,,,,Sin coincidencia en staffing_excel.xlsx
PROJECT_0771,,,,Sin coincidencia en staffing_excel.xlsx
